index,publisher,avg
0,unkown,3.944371822803195
1,Penguin_Books,3.8860824742268045
2,Vintage,3.874235294117647
3,Mariner_Books,3.9737777777777783
4,Simon__Schuster,3.9365714285714293
5,Scribner,3.911290322580645
6,HarperCollins,4.1029629629629625
7,Modern_Library,3.9499999999999997
8,Signet,3.9213043478260863
9,Pocket_Books,4.004545454545455
